level1,level2,level3,level4
primary aroma,spice,5-spice,5 spice
primary aroma,spice,5-spice,5spice
primary aroma,spice,5-spice,5-spice
primary aroma,spice,5-spice,asian five spice
primary aroma,spice,5-spice,asian spice
primary aroma,spice,5-spice,asian spices
primary aroma,spice,5-spice,chinese five spice
primary aroma,spice,5-spice,chinese spices
primary aroma,spice,5-spice,five spice
primary aroma,spice,5-spice,fivespice
primary aroma,spice,5-spice,fivespices
primary aroma,spice,5-spice,five spice powder
primary aroma,flower,acacia,acacia
primary aroma,flower,acacia,acacia flower
primary aroma,flower,acacia,acacia flowers
primary aroma,flower,acacia,acacia honey
,,acetone,acetone
tertiary,oak aging,allspice,all spice
tertiary,oak aging,allspice,allspice
primary aroma,vegetable,almond,almond
primary aroma,vegetable,almond,almond cream
primary aroma,vegetable,almond,almond kernel
primary aroma,vegetable,almond,almond paste
primary aroma,vegetable,almond,bitter almond
primary aroma,vegetable,almond,bitter almonds
primary aroma,vegetable,almond,candied almond
primary aroma,vegetable,almond,candied almonds
primary aroma,vegetable,almond,crushed almond
primary aroma,vegetable,almond,crushed almonds
primary aroma,vegetable,almond,green almond
primary aroma,vegetable,almond,green almonds
primary aroma,vegetable,almond,grilled almond
primary aroma,vegetable,almond,grilled almonds
primary aroma,vegetable,almond,roasted almond
primary aroma,vegetable,almond,roasted almonds
primary aroma,vegetable,almond,smoked almond
primary aroma,vegetable,almond,smoked almonds
primary aroma,vegetable,almond,toasted almond
primary aroma,vegetable,almond,toasted almonds
primary aroma,vegetable,almond,white almond
primary aroma,vegetable,almond,almonds
primary aroma,vegetable,almond,salted almonds
primary aroma,vegetable,almond,salted almond
primary aroma,spice,alpine herbs,alpine herb
primary aroma,spice,alpine herbs,alpine herbs
primary aroma,spice,anise,anise
primary aroma,spice,anise,anise spice
primary aroma,spice,anise,aniseed
primary aroma,spice,anise,dried anise
primary aroma,spice,anise,grilled anise
primary aroma,spice,anise,ground anise
primary aroma,spice,anise,smoky anise
primary aroma,spice,anise,spicy anise
primary aroma,spice,anise,star anise
primary aroma,tree fruit,apple,apple
primary aroma,tree fruit,apple,apple blossom
primary aroma,tree fruit,apple,apple blossoms
primary aroma,tree fruit,apple,apple crumble
primary aroma,tree fruit,apple,apple crumbles
primary aroma,tree fruit,apple,apple jam
primary aroma,tree fruit,apple,apple juice
primary aroma,tree fruit,apple,apple peel
primary aroma,tree fruit,apple,apple pie
primary aroma,tree fruit,apple,apple puree
primary aroma,tree fruit,apple,apple sauce
primary aroma,tree fruit,apple,apple skin
primary aroma,tree fruit,apple,apple tart
primary aroma,tree fruit,apple,apples
primary aroma,tree fruit,apple,applesauce
primary aroma,tree fruit,apple,baked apple
primary aroma,tree fruit,apple,baked apples
primary aroma,tree fruit,apple,baked apple pie
primary aroma,tree fruit,apple,bitter apple
primary aroma,tree fruit,apple,bitter apples
primary aroma,tree fruit,apple,browning apple
primary aroma,tree fruit,apple,bruised apple
primary aroma,tree fruit,apple,bruised apples
primary aroma,tree fruit,apple,buttered apple
primary aroma,tree fruit,apple,buttered apples
primary aroma,tree fruit,apple,candied apple
primary aroma,tree fruit,apple,candied apples
primary aroma,tree fruit,apple,caramel apple
primary aroma,tree fruit,apple,caramelized apple
primary aroma,tree fruit,apple,cooked apple
primary aroma,tree fruit,apple,cooked apples
primary aroma,tree fruit,apple,crab apple
primary aroma,tree fruit,apple,creamed apple
primary aroma,tree fruit,apple,creamed apples
primary aroma,tree fruit,apple,crushed apple
primary aroma,tree fruit,apple,crushed apples
primary aroma,tree fruit,apple,custard apple
primary aroma,tree fruit,apple,delicious apple
primary aroma,tree fruit,apple,delicious apples
primary aroma,tree fruit,apple,dried apple
primary aroma,tree fruit,apple,dried apples
primary aroma,tree fruit,apple,fresh apple
primary aroma,tree fruit,apple,fresh apples
primary aroma,tree fruit,apple,glazed apple
primary aroma,tree fruit,apple,glazed apples
primary aroma,tree fruit,apple,golden apple
primary aroma,tree fruit,apple,golden apples
primary aroma,tree fruit,apple,golden delicious apple
primary aroma,tree fruit,apple,golden delicious apples
primary aroma,tree fruit,apple,honeycrisp apple
primary aroma,tree fruit,apple,honeyed apple
primary aroma,tree fruit,apple,honeyed apples
primary aroma,tree fruit,apple,juicy apple
primary aroma,tree fruit,apple,mature apple
primary aroma,tree fruit,apple,ooked apple
primary aroma,tree fruit,apple,overripe apple
primary aroma,tree fruit,apple,overripe apples
primary aroma,tree fruit,apple,poached apple
primary aroma,tree fruit,apple,poached apples
primary aroma,tree fruit,apple,pressed apple
primary aroma,tree fruit,apple,ripe apple
primary aroma,tree fruit,apple,ripe apples
primary aroma,tree fruit,apple,ripe red apples
primary aroma,tree fruit,apple,roasted apple
primary aroma,tree fruit,apple,roasted apples
primary aroma,tree fruit,apple,slice apple
primary aroma,tree fruit,apple,sliced apple
primary aroma,tree fruit,apple,sliced apples
primary aroma,tree fruit,apple,sour apple
primary aroma,tree fruit,apple,sour apples
primary aroma,tree fruit,apple,spiced apple
primary aroma,tree fruit,apple,spiced apples
primary aroma,tree fruit,apple,spicy apple
primary aroma,tree fruit,apple,spicy apples
primary aroma,tree fruit,apple,stewed apple
primary aroma,tree fruit,apple,stewed apples
primary aroma,tree fruit,apple,tart apple
primary aroma,tree fruit,apple,tart apples
primary aroma,tree fruit,apple,toasted apple
primary aroma,tree fruit,apple,unripe apple
primary aroma,tree fruit,apricot,apricot
primary aroma,tree fruit,apricot,apricot blossom
primary aroma,tree fruit,apricot,apricot conserve
primary aroma,tree fruit,apricot,apricot honey
primary aroma,tree fruit,apricot,apricot jam
primary aroma,tree fruit,apricot,apricot marmalade
primary aroma,tree fruit,apricot,apricot pit
primary aroma,tree fruit,apricot,apricot preserve
primary aroma,tree fruit,apricot,apricot tart
primary aroma,tree fruit,apricot,apricots
primary aroma,tree fruit,apricot,baked apricot
primary aroma,tree fruit,apricot,baked apricots
primary aroma,tree fruit,apricot,candied apricot
primary aroma,tree fruit,apricot,canned apricot
primary aroma,tree fruit,apricot,dried apricot
primary aroma,tree fruit,apricot,dried apricots
primary aroma,tree fruit,apricot,dry apricot
primary aroma,tree fruit,apricot,dry apricots
primary aroma,tree fruit,apricot,fresh apricot
primary aroma,tree fruit,apricot,fresh apricots
primary aroma,tree fruit,apricot,glazed apricot
primary aroma,tree fruit,apricot,green apricot
primary aroma,tree fruit,apricot,honeyed apricot
primary aroma,tree fruit,apricot,poached apricot
primary aroma,tree fruit,apricot,ripe apricot
primary aroma,tree fruit,apricot,spicy apricot
primary aroma,tree fruit,apricot,tart apricot
primary aroma,tree fruit,apricot,tinned apricot
primary aroma,tree fruit,apricot,unripe apricot
primary aroma,tree fruit,apricot,warm apricot
primary aroma,tree fruit,apricot,ripe apricots
primary aroma,spice,aromatic herbs,aromatic herbs
primary aroma,spice,aromatic spice,aromatic spices
unknown,unknown,artichoke,artichoke
unknown,unknown,artichoke,artichoke liqueur
faults,sulfides and mercaptans,ash,ash
faults,sulfides and mercaptans,ash,campfire ash
faults,sulfides and mercaptans,ash,volcanic ash
,,ashberry,ashberry
primary aroma,vegetable,asparagus,asparagus
,,asparagus,green asparagus
,,asparagus,grilled asparagus
,,asphalt,asphalt
,,asphalt,wet asphalt
primary aroma,spice,assorted spices,assorted spices
,,avocado,avocado
,,baby powder,baby powder
faults,sulfides and mercaptans,bacon,bacon
faults,sulfides and mercaptans,bacon,smoked bacon
primary aroma,herb,baked herbs,baked herb
primary aroma,herb,baked herbs,baked herbs
faults,cooked,baked prunes,baked prunes
,,baking powder,baking powder
tertiary,oak aging,baking spices,baked spice
tertiary,oak aging,baking spices,baked spices
tertiary,oak aging,baking spices,baking spice
tertiary,oak aging,baking spices,baking spices
,,balsam,balsam
,,balsam,balsam herb
,,balsam,balsam wood
,,balsam,balsamic herbs
tertiary,volatile acidity,balsam,balsamic
primary aroma,tropical fruit,banana,baked bananas
primary aroma,tropical fruit,banana,banana
primary aroma,tropical fruit,banana,banana peel
primary aroma,tropical fruit,banana,bananas
primary aroma,tropical fruit,banana,dried banana
primary aroma,tropical fruit,banana,green banana
primary aroma,tropical fruit,banana,ripe banana
faults,brettanomyces,band aid,band aid
primary aroma,spice,barbecue spice,barbecue spice
,,barberry,barberry
,,barley,barley
,,barrel spice,barrel spice
,,barrel spice,barrel spices
primary aroma,herb,basil,basil
primary aroma,herb,bay leaf,bay leaf
primary aroma,herb,bay leaf,bay leaves
primary aroma,herb,bay leaf,dried bay leaves
primary aroma,herb,bay leaf,laurel leaf
,,bay leaf,bayleaf
,,bean,green bean
,,bean,green beans
primary aroma,microbial,beer,beer
primary aroma,microbial,beer,root beer
,,beetroot,beet root
,,beetroot,beetroot
primary aroma,noble rot,beewax,bees
primary aroma,noble rot,beewax,beeswax
primary aroma,noble rot,beewax,beewax
primary aroma,vegetable,bell pepper,bell pepper
primary aroma,vegetable,bell pepper,bell peppers
primary aroma,vegetable,bell pepper,bellpepper
primary aroma,vegetable,bell pepper,capsicum
primary aroma,vegetable,bell pepper,roasted bell pepper
primary aroma,citrus,bergamot,bergamot
,,berry,forrest berries
,,berry,green berries
,,berry,jammy berries
,,berry,juicy berries
,,berry,juniper berries
,,berry,overripe berries
,,berry,ripe berries
,,berry,ripe black berries
,,berry,ripe dark berries
,,berry,ripe red berries
,,berry,baked berries
,,berry,baked berry
,,berry,berries
,,berry,berry
,,berry,bitter berry
,,berry,bitter berry skin
,,berry,botrytis berry
,,berry,brambleberry
,,berry,brambly berry
,,berry,candied berry
,,berry,chocolate berry
,,berry,cooked berries
,,berry,cooked berry
,,berry,crushed berries
,,berry,crushed berry
,,berry,dried berries
,,berry,dried berry
,,berry,fresh berries
,,berry,green berry
,,berry,jammy berry
,,berry,juicy berry
,,berry,ripe berry
,,berry,roasted berries
,,berry,roasted berry
,,berry,smoky berry
,,berry,sour berries
,,berry,spiced berry
,,berry,spicy berries
,,berry,spicy berry
,,berry,spicy wild berry
,,berry,stewed berries
,,berry,stewed berry
,,berry,tart berries
,,berry,tart berry
,,berry,underripe berries
,,berry,wild berries
,,berry,wild berry
,,bilberry,bilberries
primary aroma,black fruit,bilberry,bilberry
tertiary,oak aging,biscuit,biscuit
tertiary,oak aging,biscuit,biscuits
tertiary,oak aging,biscuit,biscuity
primary aroma,herb,bitter herbs,bitter herb
primary aroma,herb,bitter herbs,bitter herbs
primary aroma,black fruit,black berry,black berries
primary aroma,black fruit,black berry,blackberries
primary aroma,black fruit,black berry,crushed dark berries
primary aroma,black fruit,black berry,dark berry
,,black cherry,baked black cherries
,,black cherry,baked black cherry
,,black cherry,black cherries
,,black cherry,black cherry liqueur
,,black cherry,black cherry pie
primary aroma,spice,black cherry,black cherry spice
,,black cherry,blackcherry
primary aroma,red fruit,black cherry,crushed black cherry
primary aroma,red fruit,black cherry,dark cherry
,,black cherry,dried black cherries
,,black cherry,dried black cherry
,,black cherry,jammy black cherry
,,black cherry,macerated black cherry
,,black cherry,ripe black cherries
,,black cherry,ripe black cherry
,,black cherry,ripe dark cherries
,,black cherry,ripe dark cherry
primary aroma,red fruit,black cherry,smoking black cherry
primary aroma,red fruit,black cherry,smoking blackcherry
,,black cherry,smoky black cherry
,,black cherry,spicy black cherry
,,black cherry,tart black cherry
,,black currant,baked blackcurrants
primary aroma,black fruit,black currant,black currant
,,black currant,black currant jam
,,black currant,black currant leaf
,,black currant,black currant leaves
,,black currant,black currants
primary aroma,black fruit,black currant,black current
,,black currant,black currents
primary aroma,black fruit,black currant,blackcurrant
,,black currant,blackcurrant bud
,,black currant,blackcurrant fruit
,,black currant,blackcurrant jam
primary aroma,black fruit,black currant,blackcurrant leaf
,,black currant,blackcurrant licorice
,,black currant,blackcurrants
primary aroma,black fruit,black currant,blackcurrent
,,black currant,blackcurrents
,,black currant,crushed black currant
,,black currant,crushed black currants
,,black currant,crushed blackcurrants
primary aroma,black fruit,black currant,currant
,,black currant,dried black currant
,,black currant,fresh blackcurrant
,,black currant,fresh blackcurrants
,,black currant,ripe black currant
,,black currant,ripe black currants
,,black currant,ripe blackcurrant
,,black currant,ripe blackcurrants
,,black currant,spicy blackcurrant
unknown,unknown,black fruit,black fruit liqueur
primary aroma,spice,black pepper,black pepper
primary aroma,spice,black pepper,blackpepper
,,black pepper,cracked black pepper
,,black pepper,crushed black pepper
primary aroma,spice,black pepper,dark pepper
primary aroma,spice,black pepper,peppercorns
,,black pepper,spicy black pepper
primary aroma,vegetable,black tea,black tea
primary aroma,vegetable,black tea,blacktea
,,blackberry,jammy blackberries
,,blackberry,ripe blackberries
,,blackberry,baked blackberries
,,blackberry,baked blackberry
primary aroma,black fruit,blackberry,black berry
primary aroma,black fruit,blackberry,black berry preserve
primary aroma,black fruit,blackberry,black berry preserves
,,blackberry,blackberries licorice
primary aroma,black fruit,blackberry,blackberry
,,blackberry,blackberry bramble
primary aroma,black fruit,blackberry,blackberry compote
,,blackberry,blackberry jam
,,blackberry,blackberry jam licorice
,,blackberry,blackberry juice
primary aroma,black fruit,blackberry,blackberry leaf
,,blackberry,blackberry licorice
,,blackberry,blackberry liqueur
,,blackberry,blackberry marmalade
primary aroma,black fruit,blackberry,blackberry preserve
primary aroma,black fruit,blackberry,blackberry preserves
,,blackberry,brambly blackberry
,,blackberry,candied blackberry
,,blackberry,cooked blackberry
primary aroma,black fruit,blackberry,crush blackberry
primary aroma,black fruit,blackberry,crushed black berries
primary aroma,black fruit,blackberry,crushed blackberries
primary aroma,black fruit,blackberry,crushed blackberry
,,blackberry,dark berries
,,blackberry,dark berries licorice
,,blackberry,dark berry licorice
,,blackberry,dark berry liqueur
,,blackberry,dark berry preserve
,,blackberry,dark berry skin
,,blackberry,dried blackberries
,,blackberry,dried blackberry
,,blackberry,fresh blackberries
,,blackberry,fresh blackberry
,,blackberry,jammy blackberry
,,blackberry,juicy blackberry
,,blackberry,ripe black berry
primary aroma,black fruit,blackberry,ripe blackberry
,,blackberry,roasted blackberry
,,blackberry,smoky blackberry
,,blackberry,spiced blackberry
,,blackberry,spicy dark berries
,,blackberry,spicy dark berry
,,blackberry,stewed blackberries
,,blackberry,stewed blackberry
,,blackberry,tart blackberries
,,blackberry,tart blackberry
,,blackberry,toasty blackberry
unknown,unknown,blood,blood
unknown,unknown,blood,bloody
,,blood,dried blood
,,blood,fresh blood
unknown,unknown,blood orange,blood orange
,,blue flower,blue flower
,,blue flower,blue flowers
,,blueberry,ripe blueberries
,,blueberry,baked blueberries
,,blueberry,baked blueberry
,,blueberry,blue berries
primary aroma,black fruit,blueberry,blue berry
,,blueberry,blueberries
primary aroma,black fruit,blueberry,blueberry
,,blueberry,blueberry jam
,,blueberry,blueberry licorice
,,blueberry,blueberry liqueur
,,blueberry,blueberry preserve
,,blueberry,crushed blueberries
,,blueberry,crushed blueberry
,,blueberry,dried blueberries
,,blueberry,dried blueberry
,,blueberry,fresh blueberries
,,blueberry,fresh blueberry
,,blueberry,ripe blueberry
,,blueberry,spicy blueberry
,,blueberry,tart blueberry
primary aroma,black fruit,blueberry,wild blue berry
primary aroma,black fruit,blueberry,wild blueberry
faults,sulfides and mercaptans,boiled eggs,boiled eggs
,,botanical herbs,botanical herb
,,botanical herbs,botanical herbs
,,botrytis,botrytis spice
,,botrytis,smoky botrytis
,,botrytis,spicy botrytis
,,boysenberry,boysenberries
primary aroma,black fruit,boysenberry,boysenberry
,,boysenberry,boysenberry jam
,,boysenberry,boysenberry licorice
,,boysenberry,ripe boysenberry
,,brambleberry,bramble berries
,,brambleberry,brambleberries
,,brambleberry,brambly berries
secondary,microbial,bread,baguette
secondary,microbial,bread,baked bread
secondary,microbial,bread,baking bread
secondary,microbial,bread,bread
secondary,microbial,bread,bread crumbs
secondary,microbial,bread,bread crust
secondary,microbial,bread,bread dough
secondary,microbial,bread,breadcrumbs
secondary,microbial,bread,bready
secondary,microbial,bread,brioche
secondary,microbial,bread,buttered bread
secondary,microbial,bread,croissant
secondary,microbial,bread,fresh baked bread
secondary,microbial,bread,fresh bread
secondary,microbial,bread,grilled bread
secondary,microbial,bread,pain grille
secondary,microbial,bread,roasted bread
secondary,microbial,bread,spicy toast
secondary,microbial,bread,toasted baguette
secondary,microbial,bread,toasted bread
secondary,microbial,bread,wheat toast
,,brimstone,brimstone
,,brioche,baked brioche
,,brioche,brioche toast
,,brioche,buttered brioche
,,brioche,buttery brioche
,,brioche,toasted brioche
,,brioche,toasty brioche
,,broccoli,broccoli
,,brown spice,brown spice
,,brown spice,brown spices
tertiary,general aging,browned butter,browned butter
,,bubblegum,bubble gum
primary aroma,tropical fruit,bubblegum,bubblegum
primary aroma,flower,buckwheat,buckwheat
,,burnt match,burnt match
faults,sulfides and mercaptans,burnt rubber,burnt rubber
secondary,microbial,butter,butter
,,butter,buttery
,,butter,fresh butter
,,butter,melted butter
,,butter,salted butter
secondary,microbial,butter milk,butter milk
primary aroma,flower,buttercups,buttercup
primary aroma,flower,buttercups,buttercups
,,buttermilk,buttermilk
,,butterscotch,butter scotch
,,butterscotch,butterscotch
,,cabbage,cabbage
,,figs,fig cake
,,raisin,raisin cake
,,rum,rum cake
,,cake spice,cake spice
unknown,unknown,camphor,camphor
,,cantaloupe,cantaloupe
,,capsicum,green capsicum
,,caramel,burnt caramel
faults,cooked,caramel,caramel
,,caramel,creme caramel
,,caramel,crme caramel
,,caramel,salted caramel
,,caramel,salty caramel
faults,cooked,caramel,smoky caramel
,,caramel,toasted caramel
,,caramel,toasty caramel
,,caramel,toffee caramel
,,caramel,caramel toffee
faults,brettanomyces,cardamom,black cardamom
faults,brettanomyces,cardamom,cardamom
faults,brettanomyces,cardamom,cardamom spice
faults,brettanomyces,cardamom,cardamon
faults,brettanomyces,cardamom,green cardamom
faults,brettanomyces,cardamom,ground cardamom
primary aroma,black fruit,cassis,bitter cherry cassis
primary aroma,black fruit,cassis,black cassis
primary aroma,black fruit,cassis,black cherry cassis
primary aroma,black fruit,cassis,blackberries cassis
primary aroma,black fruit,cassis,blackberry cassis
primary aroma,black fruit,cassis,blueberry cassis
primary aroma,black fruit,cassis,cassis
primary aroma,black fruit,cassis,creme de cassis
primary aroma,black fruit,cassis,crème de cassis
primary aroma,black fruit,cassis,crme de cassis
primary aroma,black fruit,cassis,crushed cassis
primary aroma,black fruit,cassis,dried cassis
primary aroma,black fruit,cassis,dry cassis
primary aroma,black fruit,cassis,fresh cassis
primary aroma,black fruit,cassis,jammy cassis
primary aroma,black fruit,cassis,ripe cassis
primary aroma,black fruit,cassis,smoky cassis
primary aroma,black fruit,cassis,spicy cassis
primary aroma,black fruit,cassis,warm cassis
faults,sulfides and mercaptans,cat pee,cat pee
faults,sulfides and mercaptans,cat pee,cat piss
,,cauliflower,cauliflower
primary aroma,flower,cedar,cedar
primary aroma,flower,cedar,cedar berries
primary aroma,flower,cedar,cedar box
primary aroma,flower,cedar,cedar licorice
primary aroma,flower,cedar,cedar oak
primary aroma,flower,cedar,cedar shavings
primary aroma,flower,cedar,cedar smoke
primary aroma,flower,cedar,cedar spice
primary aroma,flower,cedar,cedar spice box
primary aroma,flower,cedar,cedar tree
primary aroma,flower,cedar,cedar wood
primary aroma,flower,cedar,cedarwood
primary aroma,flower,cedar,cedary
primary aroma,flower,cedar,cedary oak
primary aroma,flower,cedar,cedary spice
primary aroma,flower,cedar,ceder
primary aroma,flower,cedar,celery leaf
primary aroma,flower,cedar,celery root
primary aroma,flower,cedar,cellar floor
primary aroma,flower,cedar,cidery
primary aroma,flower,cedar,roasted cedar
primary aroma,flower,cedar,smoked cedar
primary aroma,flower,cedar,smoky cedar
primary aroma,flower,cedar,spicy cedar
primary aroma,flower,cedar,toasted cedar
primary aroma,flower,cedar,toasty cedar
primary aroma,flower,cedar,wet cedar
primary aroma,vegetable,celery,celery
unknown,unknown,chalk,chalk
unknown,unknown,chalk,chalk dust
,,chalk,chalkiness
,,chalk,chalky
unknown,unknown,chalk,crushed chalk
,,chalk,wet chalk
primary aroma,herb,chamomile,chamomile
unknown,unknown,charcoal,charcoal
,,cheese,cheddar cheese
,,cheese,cheery
,,cheese,cheese
,,cheese,cheeses
,,cheese,cream cheese
,,cheese,goat cheese
,,cherry,baked cherries
,,cherry,baked cherry
,,cherry,bitter cherries
,,cherry,bitter cherry
,,cherry,bitter cherry pit
primary aroma,black fruit,cherry,block cherry
primary aroma,black fruit,cherry,blockcherry
,,cherry,candied cherries
primary aroma,red fruit,cherry,candied cherry
,,cherry,cherries
primary aroma,red fruit,cherry,cherry
primary aroma,red fruit,cherry,cherry blossom
,,cherry,cherry cassis
,,cherry,cherry cola
,,cherry,cherry currant
,,cherry,cherry floral
,,cherry,cherry fruit
,,cherry,cherry jam
,,cherry,cherry licorice
primary aroma,red fruit,cherry,cherry liqueur
primary aroma,red fruit,cherry,cherry marmalade
,,cherry,cherry pie
,,cherry,cherry pit
,,cherry,cherry preserve
,,cherry,cherry rhubarb
,,cherry,cherry sauce
,,cherry,cherry skin
primary aroma,spice,cherry,cherry spice
,,cherry,cherry tart
,,cherry,chewy cherry
,,cherry,chocolate cherry
,,cherry,chocolate covered cherries
,,cherry,chocolate covered cherry
,,cherry,chocolatecovered cherries
,,cherry,cooked cherries
,,cherry,cooked cherry
primary aroma,red fruit,cherry,crushed black cherries
,,cherry,crushed cherries
,,cherry,crushed cherry
,,cherry,dried cherry cassis
,,cherry,dried cherry licorice
,,cherry,fresh cherries
primary aroma,red fruit,cherry,fresh cherry
,,cherry,glazed cherries
,,cherry,jammy cherries
,,cherry,jammy cherry
,,cherry,juicy cherries
,,cherry,juicy cherry
,,cherry,macerated cherries
,,cherry,macerated cherry
primary aroma,red fruit,cherry,maraschino
primary aroma,red fruit,cherry,maraschino cherry
,,cherry,mature cherry
primary aroma,red fruit,cherry,morello cherries
primary aroma,red fruit,cherry,morello cherry
,,cherry,overripe cherries
,,cherry,overripe cherry
,,cherry,ripe cherries
primary aroma,red fruit,cherry,ripe cherry
,,cherry,ripe sour cherry
,,cherry,roasted cherry
,,cherry,smoked cherry
,,cherry,smoky cherry
,,cherry,soft cherry
primary aroma,red fruit,cherry,sour cherries
primary aroma,red fruit,cherry,sour cherry
,,cherry,spiced cherries
,,cherry,spiced cherry
,,cherry,spicy cherries
primary aroma,red fruit,cherry,spicy cherry
,,cherry,stewed cherries
,,cherry,stewed cherry
,,cherry,succulent cherry
,,cherry,sun dried cherry
primary aroma,red fruit,cherry,sweet cherry
,,cherry,tart cherries
,,cherry,tinged cherry
,,cherry,unripe cherries
,,cherry,unripe cherry
primary aroma,red fruit,cherry,warm cherry
,,cherry flower,cherry flowers
primary aroma,spice,cherry spice,mahleb
unknown,unknown,chestnut,chestnut
,,chestnut,roasted chestnut
,,chestnut,roasted chestnuts
,,chocolate,bakers chocolate
,,chocolate,baking chocolate
tertiary,general aging,chocolate,bitter chocolate
,,chocolate,bitter dark chocolate
,,chocolate,bittersweet chocolate
,,chocolate,black chocolate
,,chocolate,chocolat
tertiary,general aging,chocolate,chocolate
,,chocolate,chocolate fudge
,,chocolate,chocolate licorice
,,chocolate,chocolate liqueur
,,chocolate,chocolates
tertiary,general aging,chocolate,chocolatey
,,chocolate,chocolaty
tertiary,general aging,chocolate,dark chocolate
,,chocolate,melted chocolate
,,chocolate,mint chocolate
,,chocolate,molten chocolate
,,chocolate,spiced chocolate
tertiary,general aging,chocolate,white chocolate
,,chokeberry,chokeberry
primary aroma,herb,chopped herbs,chopped herb
tertiary,oak aging,cigar,cigar
tertiary,oak aging,cigar,unsmoked cigar
tertiary,oak aging,cigar box,cigar box
,,cinnamon,buttered cinnamon toast
,,cinnamon,cinammon
,,cinnamon,cinamon
primary aroma,spice,cinnamon,cinnamon
,,cinnamon,cinnamon bark
,,cinnamon,cinnamon spice
,,cinnamon,cinnamon spices
primary aroma,spice,cinnamon,cinnamon stick
,,cinnamon,cinnamon toast
,,cinnamon,powdered cinnamon
,,cinnamon,spiced cinnamon
,,cinnamon,spicy cinnamon
,,citrus,bitter citrus
,,citrus,bitter citrus peel
,,citrus,buttered citrus
,,citrus,candied citrus
,,citrus,candied citrus peel
,,citrus,caramelized citrus
primary aroma,citrus,citrus,citric
primary aroma,citrus,citrus,citrus
primary aroma,citrus,citrus,citrus peel
,,citrus,dried citrus
primary aroma,citrus,citrus,dried citrus peel
,,citrus,fresh citrus
,,citrus,glazed citrus
,,citrus,green citrus
,,citrus,honeyed citrus
,,citrus,juicy citrus
primary aroma,citrus,citrus,oily citrus
,,citrus,preserved citrus
,,citrus,smoky citrus
,,citrus,soft citrus
,,citrus,sour citrus
,,citrus,spiced citrus
primary aroma,citrus,citrus,spicy citrus
,,citrus,tart citrus
,,citrus,citrus blossom
primary aroma,earth,clay pot,clay pot
tertiary,oak aging,clove,clove
,,clove,cloves
tertiary,oak aging,clove,crushed clove
,,clove,dried cloves
,,clove,ground clove
,,clove,spicy clove
primary aroma,vegetable,clover,clover
primary aroma,vegetable,clover,trefoil
,,coal,coal
,,coal,coal smoke
tertiary,general aging,cocoa,cacao
tertiary,general aging,cocoa,cacao bean
tertiary,general aging,cocoa,cacao tree
tertiary,general aging,cocoa,cocoa
tertiary,general aging,cocoa,cocoa bean
,,cocoa,raw cocoa
tertiary,oak aging,coconut,coconut
,,coconut,coconut oil
,,coconut,coconuts
,,coconut,toasted coconut
,,coffee,espresso bean
,,coffee,green coffee bean
,,coffee,espresso beans
,,coffee,bitter cocoa
,,coffee,bitter coffee
,,coffee,bittersweet cocoa
,,coffee,black coffee
,,coffee,cappuccino
,,coffee,chocolate espresso
,,coffee,cocoa beans
,,coffee,cocoa powder
,,coffee,coffe
tertiary,general aging,coffee,coffee
,,coffee,coffee bean
,,coffee,coffee beans
,,coffee,coffee cocoa
,,coffee,coffee grinds
,,coffee,coffee grounds
,,coffee,coffee licorice
,,coffee,coffee liqueur
,,coffee,coffee mocha
,,coffee,espresso coffee
,,coffee,ground coffee
,,coffee,roasted cocoa
,,coffee,roasted coffee
,,coffee,roasted coffee bean
,,coffee,roasted coffee beans
,,coffee,roasted espresso
,,coffee,smoky mocha
,,coffee,spicy mocha
,,coffee,toasted coffee
,,coffee,toasty mocha
,,cognac,cognac
,,coke,coke
tertiary,oak aging,cola,cola
,,cola,spicy cola
unknown,unknown,compost,compost
unknown,unknown,compost,composty
unknown,unknown,concrete,contrete
unknown,unknown,concrete,wet concrete
,,confectionary,confectionary
,,confectionary,confectionery
,,cooking spice,cooking spice
,,cooking spice,cooking spices
,,copper,copper
unknown,unknown,coriander,coriander
unknown,unknown,coriander,coriander seed
,,coriander ,cilantro
,,costmary,costmary
,,cranberries,ripe cranberries
,,cranberry,cranberries
primary aroma,red fruit,cranberry,cranberry
,,cranberry,cranberry jam
,,cranberry,cranberry juice
primary aroma,red fruit,cranberry,cranberry leaf
,,cranberry,cranberry licorice
,,cranberry,cranberry sauce
,,cranberry,crushed cranberries
,,cranberry,dried cranberries
primary aroma,red fruit,cranberry,dried cranberry
,,cranberry,fresh cranberries
,,cranberry,fresh cranberry
,,cranberry,ripe cranberry
,,cranberry,tart cranberries
secondary,microbial,cream,cream
secondary,microbial,cream,creamy
,,cream,fresh cream
secondary,microbial,cream,pastry cream
,,cream,whipped cream
,,crushed herbs,crushed herb
,,crushed herbs,crushed herbs
primary aroma,earth,crushed rock,crushed rock
,,ctricas,notas ctricas
primary aroma,herb,cumin,cumin
primary aroma,herb,cumin,cumin seed
,,currant,crushed currant
,,currant,dried currant
,,currant,dried currants
,,currant,fresh currant
,,currant,ripe currants
,,currant,roasted currant
,,currant,spicy currant
,,currant,tart currant
,,curry spice,curry spice
primary aroma,flower,daffodil,daffodil
,,damson,damson jam
,,damson,ripe damson
primary aroma,black fruit,damsons,damson
primary aroma,black fruit,damsons,damson plum
primary aroma,black fruit,damsons,damsons
primary aroma,dried fruit,dates,date
primary aroma,dried fruit,dates,dates
,,dates,dried dates
,,diesel,diesel
secondary,oak aging,dill,dill
primary aroma,dried fruit,dried cherry,dried cherries
primary aroma,dried fruit,dried cherry,dried cherry
primary aroma,dried fruit,dried cherry,dry cherries
primary aroma,dried fruit,dried cherry,dry cherry
primary aroma,dried fruit,dried cherry,drycherrries
primary aroma,dried fruit,dried cherry,drycherry
tertiary,general aging,dried fruit,dried fruit
primary aroma,herb,dried herbs,dried herb
,,dried herbs,dried herbal
primary aroma,herb,dried herbs,dried herbs
primary aroma,herb,dried herbs,dried wild herb
primary aroma,herb,dried herbs,dried wild herbs
primary aroma,herb,dried herbs,driedherb
primary aroma,herb,dried herbs,driedherbs
,,dried herbs,dry herbs
,,dried spice,dried spice
,,dried spice,dried spices
primary aroma,vegetable,dried tomato,dried tomato
primary aroma,vegetable,dried tomato,sun dried tomato
primary aroma,earth,dust,dust
primary aroma,earth,dust,dusty
primary aroma,earth,dust,dusty soil
primary aroma,earth,dust,stone dust
primary aroma,earth,dust,stonedust
primary aroma,earth,dust,stony dust
primary aroma,earth,dust,stony dustiness
primary aroma,mint,earl grey,earl grey
,,earth,black soil
,,earth,charred earth
,,earth,damp earth
,,earth,dried earth
,,earth,dry earth
primary aroma,earth,earth,earth
,,earth,earthen
primary aroma,earth,earth,earthiness
,,earth,earthly
primary aroma,earth,earth,earthy
,,earth,fresh earth
,,earth,loamy earth
primary aroma,earth,earth,scorched earth
,,earth,smoked earth
,,earth,smoky earth
,,earth,smoky earthy
,,earth,sunbaked earth
primary aroma,earth,earth,tilled earth
,,earth,wet earth
,,earth,wet earthy
,,elderberries,elderberries
,,elderberry,elderberry
,,elderberry,elderberry juice
primary aroma,flower,elderflower,elder flower
,,elderflower,elder flowers
primary aroma,flower,elderflower,elderflower
,,elderflower,elderflowers
,,espresso,espresso
,,espresso,mocha espresso
primary aroma,mint,eucalyptus,eucalyptus
,,exotic,ripe exotic
primary aroma,spice,exotic spices,exotic spice
primary aroma,spice,exotic spices,exotic spices
tertiary,oak aging,expresso,expresso
tertiary,oak aging,expresso,expresso coffee
primary aroma,spice,fennel,fennel
primary aroma,spice,fennel,florence fennel
primary aroma,spice,fennel,white fennel
,,fig,candied fig
primary aroma,dried fruit,fig,dried fig
,,fig,dried figs
primary aroma,dried fruit,fig,driedfig
primary aroma,dried fruit,fig,dry fig
,,fig,dry figs
primary aroma,dried fruit,fig,fig
,,fig,fresh fig
,,fig,fresh figs
primary aroma,dried fruit,fig,green fig
,,fig,ripe fig
,,fig,roasted fig
,,fig,fig sauce
,,fig,figs
,,fig,green figs
,,fig,ripe figs
,,flint,crushed flint
faults,sulfides and mercaptans,flint,flint
faults,sulfides and mercaptans,flint,flinty
faults,sulfides and mercaptans,flint,flinty mineral
,,flint,smoky flinty
faults,sulfides and mercaptans,flint,struck flint
,,floor,forrest floor
,,orange,orange blossom
,,orange,orange blossoms
,,floral,candied floral
,,floral,candied flowers
,,floral,crushed flower
,,floral,crushed flowers
,,floral,cut flowers
,,floral,daisies
,,floral,dried flower
,,floral,dried flowers
,,floral,dry flowers
primary aroma,flower,floral,floral
,,floral,flower
,,floral,flower petal
,,floral,flowers
primary aroma,flower,floral,flowery
,,floral,fresh flowers
,,floral,meadow flowers
,,floral,pressed flowers
,,floral,ripe floral
,,floral,smoky floral
primary aroma,flower,floral,spring blossom
primary aroma,flower,floral,spring blossoms
,,floral,spring flowers
,,floral,succulent flowers
,,foliage,foliage
,,forest,pine forest
primary aroma,earth,forest floor,autumn forest
,,forest floor,damp forest floor
primary aroma,earth,forest floor,forest
primary aroma,earth,forest floor,forest bramble
primary aroma,earth,forest floor,forest floor
primary aroma,earth,forest floor,foresty
primary aroma,earth,forest floor,sous bois
primary aroma,earth,forest floor,undergrowth
,,forest floor,wet forest
,,forest floor,wet forest floor
primary aroma,flower,floral,fresh blossom
primary aroma,herb,fresh herbs,fresb herb
,,fresh herbs,fresh herbal
primary aroma,herb,fresh herbs,fresh herbs
,,fresh herbs,fresh herb
primary aroma,herb,fresh herbs,fried herbs
,,fresh spice,fresh spices
primary aroma,dried fruit,fruitcake,fruit cake
primary aroma,dried fruit,fruitcake,fruitcake
,,fur,wet fur
unknown,unknown,game,game
unknown,unknown,game,hung game
,,game,roasted game
,,gamey,gamey
,,ganache,ganache
,,garden herb,garden herb
,,gardenia,gardenia
faults,sulfides and mercaptans,garlic,garlic
primary aroma,earth,garrigue,dried garrigue
primary aroma,earth,garrigue,garrigue
,,garrigue herbs,garrigue herbs
,,gasoline,gasoline
primary aroma,flower,geranium,geranium
primary aroma,noble rot,ginger,candied ginger
,,ginger,crystallized ginger
,,ginger,dried ginger
,,ginger,fresh ginger
primary aroma,noble rot,ginger,ginger
,,ginger,grated ginger
,,ginger,ground ginger
,,ginger,pickled ginger
,,ginger,powdered ginger
,,ginger,spicy ginger
,,gingerbread,ginger bread
,,gingerbread,gingerbread
,,gingerbread,gingerbread spice
,,gingerbread,gingerbread spices
,,glycerin,glycerin
unknown,unknown,glycerine,glycerine
,,gooseberry,gooseberries
,,gooseberry,ripe gooseberries
,,gooseberry,fresh gooseberry
primary aroma,vegetable,gooseberry,gooseberry
,,gooseberry,green gooseberry
,,gooseberry,ripe gooseberry
,,grafite,grafite
,,granite,crushed granite
,,granite,granite
,,granite,wet granite
,,grapefruit,bitter grapefruit
primary aroma,citrus,grapefruit,candied grapefruit
primary aroma,citrus,grapefruit,candied pink grapefruit
,,grapefruit,fresh grapefruit
primary aroma,citrus,grapefruit,grape fruit
primary aroma,citrus,grapefruit,grapefruit
,,grapefruit,grapefruit juice
,,grapefruit,grapefruit peel
,,grapefruit,grapefruit pith
,,grapefruit,grapefruit skin
primary aroma,citrus,grapefruit,pink grapefruit
,,grapefruit,ripe grapefruit
,,grapefruit,tart grapefruit
,,grapes,green grapes
unknown,unknown,graphite,graphite
,,grass,cut grass
,,grass,dried grass
primary aroma,vegetable,grass,dry grass
,,grass,fresh grass
primary aroma,vegetable,grass,grass
primary aroma,vegetable,grass,grassy
,,grass,mown grass
,,grass,wet grass
primary aroma,earth,gravel,gravel
primary aroma,earth,gravel,wet gravel
primary aroma,tree fruit,green apple,fresh green apple
primary aroma,tree fruit,green apple,fresh green apples
primary aroma,tree fruit,green apple,green apple
primary aroma,tree fruit,green apple,green apple peel
primary aroma,tree fruit,green apple,green apple skin
primary aroma,tree fruit,green apple,green apples
primary aroma,tree fruit,green apple,greenapple
primary aroma,tree fruit,green apple,ripe green apple
primary aroma,tree fruit,green apple,ripe green apples
primary aroma,tree fruit,green apple,sliced green apple
primary aroma,tree fruit,green apple,sliced green apples
primary aroma,tree fruit,green apple,tart green apple
primary aroma,tree fruit,green apple,tart green apples
primary aroma,herb,green herbs,fresh green herbs
primary aroma,herb,green herbs,dried green herb
primary aroma,herb,green herbs,dried green herbs
primary aroma,herb,green herbs,green herbal
primary aroma,herb,green herbs,green herbs
primary aroma,herb,green herbs,green herb
primary aroma,vegetable,green pea,canned green peas
primary aroma,vegetable,green pea,green pea
primary aroma,herb,grilled herbs,grilled herb
primary aroma,herb,grilled herbs,grilled herbs
,,ground,forest ground
,,guava,green guava
primary aroma,tropical fruit,guava,guava
primary aroma,tropical fruit,guava,guava peel
,,gunflint,gunflint
unknown,unknown,gunpowder,gunpowder
,,hay,dried hay
,,hay,dry hay
,,hay,fresh hay
unknown,unknown,hay,hay
,,hay,wet hay
tertiary,oak aging,hazelnut,grilled hazelnut
tertiary,oak aging,hazelnut,grilled hazelnuts
tertiary,oak aging,hazelnut,hazel
tertiary,oak aging,hazelnut,hazelnut
tertiary,oak aging,hazelnut,roasted hazelnut
tertiary,oak aging,hazelnut,roasted hazelnuts
tertiary,oak aging,hazelnut,toasted hazelnut
tertiary,oak aging,hazelnut,toasted hazelnuts
tertiary,oak aging,hazelnut,hazelnuts
,,herbaceous,green herbaceous
,,herbs,herb
,,herbs,minty herbal
,,herbs,herbes
,,herbs,ground herbs
,,herbs,herbs
,,herbs,italian herbs
,,herbs,leafy herbs
,,herbs,meadow herbs
,,herbs,medicinal herbs
,,herbs,mediterranean herbs
,,herbs,minty herbs
,,herbs,noble herbs
,,herbs,pepper herbs
,,herbs,provenal herbs
,,herbs,resinous herbs
,,herbs,sauted herbs
primary aroma,flower,hibiscus,hibiscus
,,honey,caramel honey
,,honey,crystallized honey
,,honey,fresh honey
primary aroma,noble rot,honey,honey
primary aroma,noble rot,honey,honeyed
primary aroma,noble rot,honey,molten honey
,,honey,raw honey
,,honey,ripe honey
,,honey,sage honey
,,honey,spiced honey
,,honey,spicy honey
,,honeycomb,honeycomb
primary aroma,tree fruit,honeydew,honey dew
primary aroma,tree fruit,honeydew,honeydew
,,honeydew,ripe honeydew
,,honeymelon,honeymelon
primary aroma,flower,honeysuckle,honey suckle
primary aroma,flower,honeysuckle,honeysuckle
faults,brettanomyces,horse manure,horse manure
unknown,unknown,incense,incense
primary aroma,spice,indian spice,indian spices
primary aroma,earth,iodine,iodine
primary aroma,flower,iris,iris
,,iron,cast iron
unknown,unknown,iron,ferrous
unknown,unknown,iron,iron
,,iron,rusty iron
,,iron,wet iron
,,iron,iron ore
primary aroma,vegetable,jalapeno,jalapeno
,,jalapeno,jalapeo
,,figs,fig jam
,,orange,orange jam
,,jasmine,dried jasmine
primary aroma,flower,jasmine,jasmine
,,jasmine,jasmine flowers
,,juice,pomegranate juice
primary aroma,spice,juniper,crushed juniper
primary aroma,spice,juniper,juniper
,,juniper,juniper berry
primary aroma,earth,kerosene,kerosene
unknown,unknown,kirsch,kirsch
,,kirsch,kirsch licorice
unknown,unknown,kirsch,kirsch liquer
,,kirsch,kirsch liqueur
primary aroma,tropical fruit,kiwi,kiwi
,,kiwi,kiwi fruit
,,kiwi,kiwifruit
secondary,microbial,lager,lager
unknown,unknown,lanolin,lanolin
,,lavander,lavander
,,lavendar,lavendar
,,lavender,candied lavender
,,lavender,dried lavender
,,lavender,fresh lavender
primary aroma,flower,lavender,lavender
,,leafy,shiso leaf
,,leafy,autumn leaf
unknown,unknown,leafy,autumn leaves
,,leafy,crushed leaves
,,leafy,curry leaf
,,leafy,damp leaves
unknown,unknown,leafy,leafiness
unknown,unknown,leafy,leafy
,,leafy,wet leaf
,,leafy,wet leaves
,,leather,aged leather
tertiary,general aging,leather,cured leather
,,leather,dried leather
,,leather,dry leather
,,leather,fresh leather
tertiary,general aging,leather,leather
tertiary,general aging,leather,leather saddle
tertiary,general aging,leather,leathery
tertiary,general aging,leather,new leather
,,leather,old leather
,,leather,polished leather
,,leather,saddle leather
,,leather,shoe leather
,,leather,smoky leather
,,leather,soft leather
,,leather,spicy leathery
,,leather,sweaty leather
tertiary,general aging,leather,sweaty leather saddle
,,leather,used leather
,,leather,wet leather
,,leather,worn leather
,,leaves,dry leaves
,,leaves,fallen leaves
,,leaves,green leaves
,,leaves,mint leaves
,,lemon,baked lemon
,,lemon,bitter lemon
,,lemon,candied lemon
primary aroma,citrus,lemon,candied lemon peel
,,lemon,candied lemons
,,lemon,cooked lemon
,,lemon,dried lemon
,,lemon,dried lemon peel
,,lemon,dried lemons
,,lemon,fresh lemon
,,lemon,fresh lemon juice
,,lemon,fresh lemons
,,lemon,green lemon
,,lemon,grilled lemon
primary aroma,citrus,lemon,lemon
,,lemon,lemon cake
,,lemon,lemon cream
unknown,unknown,lemon,lemon curd
primary aroma,citrus,lemon,lemon grass
,,lemon,lemon juice
,,lemon,lemon marmalade
primary aroma,citrus,lemon,lemon mousse
,,lemon,lemon oil
primary aroma,citrus,lemon,lemon peel
,,lemon,lemon pie
primary aroma,citrus,lemon,lemon pith
,,lemon,lemon rind
,,lemon,lemon rinds
primary aroma,citrus,lemon,lemon sherbet
,,lemon,lemon skin
,,lemon,lemon tangerine
,,lemon,lemon tart
,,lemon,lemonade
,,lemon,lemons
primary aroma,citrus,lemon,lemony
primary aroma,citrus,lemon,meyer lemon
,,lemon,meyer lemons
,,lemon,orange lemon
,,lemon,preserved lemon
,,lemon,preserved lemons
,,lemon,ripe lemon
primary aroma,citrus,lemon,ripe lemons
,,lemon,sliced lemon
,,lemon,sliced lemons
,,lemon,sour lemon
,,lemon,spicy lemon
primary aroma,citrus,lemon,squeezed lemons
primary aroma,citrus,lemon,tangy lemon
,,lemon,tart lemon
,,lemon,tart lemony
,,lemongrass,lemongrass
,,lentil,lentil
,,lentil,lentils
,,lettuce,lettuce
,,lichi,lichi
,,licorice,bitter licorice
,,licorice,candied licorice
,,licorice,game licorice
primary aroma,spice,licorice,licorice
,,licorice,melted black licorice
primary aroma,spice,licorice,melted licorice
,,licorice,menthol licorice
,,licorice,mint licorice
,,licorice,mocha licorice
,,licorice,new leather licorice
,,licorice,pepper licorice
,,licorice,powdered licorice
primary aroma,spice,licorice,red licorice
,,licorice,salted licorice
,,licorice,salty licorice
,,licorice,smoky licorice
,,licorice,spicy licorice
,,licorice,liguorice
primary aroma,flower,licorice,dried liquorice
primary aroma,flower,licorice,liquorice
primary aroma,flower,licorice,liquorices
primary aroma,flower,lilac,lilac
,,lime,bitter lime
,,lime,fresh lime
,,lime,fresh limes
,,lime,green lime
primary aroma,citrus,lime,lime
,,lime,lime blossom
,,lime,lime blossoms
primary aroma,citrus,lime,lime cordial
primary aroma,citrus,lime,lime juice
,,lime,lime leaf
primary aroma,citrus,lime,lime leaves
,,lime,lime pie
,,lime,lime pith
,,lime,lime rind
,,lime,lime skin
primary aroma,citrus,lime,lime zest
,,lime,limes
primary aroma,citrus,lime,limey
,,lime,ripe lime
primary aroma,citrus,lime,squeezed lime
primary aroma,citrus,lime,squeezed limes
,,lime,tart lime
,,limestone,crushed limestone
,,limestone,lime stone
,,limestone,limestone
,,limestone,wet limestone
,,lingonberry,lingonberries
,,lingonberry,lingonberry
unknown,unknown,liqueur,liqueur
,,liqueur,orange liqueur
faults,sulfides and mercaptans,lit match,lit match
,,litchi,litchi
,,litschi,litschi
primary aroma,earth,loamy soil,damp loam
primary aroma,earth,loamy soil,loamy soil
,,loganberry,loganberry
unknown,unknown,lollipop,berry lollipop
unknown,unknown,lollipop,lollipop
,,lusher,lusher
primary aroma,tropical fruit,lychee,lychee
,,lychee,lychees
,,mahogany,mahogany
unknown,unknown,malt,malt
unknown,unknown,malt,malty
,,mandarine,mandarine
,,mandarine,mandarins
,,mango,dried mango
,,mango,dried mangoes
primary aroma,tropical fruit,mango,green mango
primary aroma,tropical fruit,mango,mango
,,mango,ripe mango
,,mango,tropical mango
,,mango,green mangoes
,,mango,mangoes
,,mango,mangos
,,manure,manure
primary aroma,herb,marjoram,marjoram
primary aroma,citrus,marmalade,marmalade
,,marmalade,orange marmalade
,,marmalade,orange marmelade
,,marmite,marmite
unknown,unknown,marshmallow,marshmallow
unknown,unknown,marshmallow,roasted marshmallow
unknown,unknown,marshmallow,toasted marshmallow
primary aroma,vegetable,marzipan,marzipan
faults,sulfides and mercaptans,match box,match box
faults,sulfides and mercaptans,matchstick,matches
faults,sulfides and mercaptans,matchstick,matchstick
,,matchstick,match stick
,,maturation,maturation
faults,sulfides and mercaptans,meat,aged meat
,,meat,bacony
,,meat,bacony toast
,,meat,barbecue
,,meat,barbecued meat
,,meat,bbq
faults,sulfides and mercaptans,meat,beef
,,meat,beef broth
,,meat,beef carpaccio
,,meat,beef jerky
,,meat,beef marrow
,,meat,beef roast
,,meat,beefy
,,meat,braised meat
faults,sulfides and mercaptans,meat,charcuterie
,,meat,charred beef
faults,sulfides and mercaptans,meat,charred meat
,,meat,charred meats
,,meat,cooked lamb
,,meat,cooked meat
,,meat,cured ham
faults,sulfides and mercaptans,meat,cured meat
,,meat,cured meats
,,meat,dried beef
,,meat,dried meat
,,meat,dried meats
,,meat,fresh meat
,,meat,game meat
,,meat,game meats
,,meat,gamy meat
,,meat,grilled beef
,,meat,grilled lamb
faults,sulfides and mercaptans,meat,grilled meat
,,meat,grilled meats
,,meat,grilled octopus
faults,sulfides and mercaptans,meat,ham
faults,sulfides and mercaptans,meat,hung meat
,,meat,lamb
,,meat,lamb roast
,,meat,meat
,,meat,meatballs
,,meat,meats
faults,sulfides and mercaptans,meat,meaty
faults,sulfides and mercaptans,meat,peppered meat
faults,sulfides and mercaptans,meat,peppered salami
faults,sulfides and mercaptans,meat,raw meat
,,meat,roast beef
,,meat,roast lamb
,,meat,roast meat
,,meat,roasted beef
,,meat,roasted lamb
faults,sulfides and mercaptans,meat,roasted meat
,,meat,roasted meats
faults,sulfides and mercaptans,meat,salami
,,meat,salted meat
faults,sulfides and mercaptans,meat,sausage
,,meat,smoked beef
,,meat,smoked game
,,meat,smoked ham
,,meat,smoked meat
,,meat,smoked meats
,,meat,smoked salmon
,,meat,smoky bacon
,,meat,smoky barbecue
,,meat,smoky beef
,,meat,smoky meat
,,meat,smoky meaty
,,meat,spiced meat
,,meat,spiced meats
,,meat,spicy lamb
,,meat,spicy meat
faults,sulfides and mercaptans,meat,toasted ham
,,meat,pot roast
,,meat,rib roast
primary aroma,herb,medicinal herbs,medicinal herb
primary aroma,herb,mediterranean herbs,mediterranean herb
,,melon,green melon
primary aroma,tropical fruit,melon,honeydew melon
primary aroma,tropical fruit,melon,melon
primary aroma,tropical fruit,melon,ripe melon
,,melon,honeydew melons
,,melon,melons
,,melon,ripe melons
,,melon,melony
primary aroma,mint,menthol,menthol
,,mesquite,roasted mesquite
,,metal,gun metal
unknown,unknown,metal,metal
unknown,unknown,metal,metallic
,,metal,metals
,,milk,milk
,,milk,milky
secondary,microbial,milk chocolate,milk chocolate
unknown,unknown,mimosa,mimosa
,,mineral,sage mineral
,,mineral,metallic minerality
,,mineral,fresh mineral
,,mineral,fresh minerals
primary aroma,earth,mineral,mineral
primary aroma,earth,mineral,minerals
,,mint,mint leaf
,,mint,chopped mint
,,mint,crushed mint
,,mint,dried mint
primary aroma,mint,mint,fresh mint
,,mint,green mint
primary aroma,mint,mint,mint
primary aroma,mint,mint,minty
,,mint,sage mint
,,mints,mints
,,mocha,mocca
,,mocha,mocha
,,molasses,molasses
unknown,unknown,moss,moss
,,moss,wet moss
,,moss,mossy
,,mud,mud
,,mulberry,ripe mulberries
,,mulberry,crushed mulberry
primary aroma,black fruit,mulberry,dried mulberries
primary aroma,black fruit,mulberry,dry mulberries
primary aroma,black fruit,mulberry,dry mulberry
primary aroma,black fruit,mulberry,mulberries
primary aroma,black fruit,mulberry,mulberry
,,mulberry,ripe mulberry
,,mushroom,button mushroom
,,mushroom,dried mushroom
,,mushroom,dried mushrooms
,,mushroom,fresh mushroom
,,mushroom,fresh mushrooms
secondary,microbial,mushroom,mushroom
,,mushroom,porcini mushroom
,,mushroom,mushrooms
,,mushroom,porcini mushrooms
,,mushroom,sauted mushrooms
,,mushroom,mushroomy
unknown,unknown,muskmelon,muskmelon
faults,tca,musty cardboard,musty cardboard
faults,volatile acidity,nail polish remover,nail polish remover
faults,volatile acidity,nail polish remover,nail varnish
primary aroma,tree fruit,nectarine,nectarine
,,nectarine,ripe nectarine
,,nectarine,tart nectarine
,,nectarine,nectarines
,,nectarine,ripe nectarines
unknown,unknown,nougat,nougat
primary aroma,spice,nutmeg,nutmeg
,,nutmeg,spicy nutmeg
,,nutty,nut
,,nutty,salted nuts
,,nutty,buttered nuts
,,nutty,cashew
,,nutty,cashew nuts
,,nutty,cashews
,,nutty,crushed nuts
,,nutty,dried nuts
,,nutty,fresh nuts
,,nutty,grilled nuts
tertiary,general aging,nutty,nuts
,,nutty,nutty
tertiary,general aging,nutty,nutty flavor
tertiary,general aging,nutty,nutty flavors
tertiary,general aging,nutty,roasted nut
,,nutty,roasted nuts
,,nutty,smoked nuts
,,nutty,toasted nut
tertiary,general aging,nutty,toasted nuts
,,nutty,toasted pine nuts
,,nutty,toasty nutty
,,oak,aged oak
,,oak,bitter oak
,,oak,burnt oak
,,oak,buttery oak
,,oak,caramel oak
,,oak,caramelized oak
unknown,oak aging,oak,charred oak
,,oak,charry oak
,,oak,dry oak
,,oak,fresh oak
,,oak,new oak
,,oak,oak barrel
,,oak,oak shadings
,,oak,oak wood
,,oak,oakiness
,,oak,oaky
,,oak,old oak
,,oak,older oak
,,oak,raw oak
,,oak,resiny oak
,,oak,roasted oak
,,oak,smoked oak
,,oak,smokey oak
,,oak,smoky new oak
,,oak,smoky nutty oak
,,oak,smoky oak
,,oak,smoky spicy oak
,,oak,smoky toasty oak
,,oak,smoky vanillin oak
,,oak,spiced oak
,,oak,spicy toasty oak
,,oak,spicy vanillin oak
,,oak,toasted oak
,,oak,toasty new oak
,,oak,toasty oak
,,oak,toasty spicy oak
,,oak,toasty vanilla oak
,,oak,wet oak
unknown,unknown,oak spice,oak spice
unknown,unknown,oak spice,oaked spice
,,oak spice,oaky spices
unknown,unknown,oak spice,spicy oak
unknown,unknown,oak spice,spicy oaked
,,oak spice,toasted oak spice
unknown,unknown,oatmeal,oatmeal
,,oil,eucalyptus oil
,,oil,hazelnut oil
,,oil,olive oil
,,oil,orange oil
unknown,unknown,oil,oily
primary aroma,black fruit,olives,black olive
primary aroma,black fruit,olives,chopped olive
,,olives,cured olive
,,olives,green olive
primary aroma,black fruit,olives,olive
primary aroma,black fruit,olives,olive tapenade
,,olives,salty olive
,,olives,green olives
,,olives,olives
faults,sulfides and mercaptans,onion,onion
,,orange,orange peel
,,orange,bitter orange
,,orange,bitter orange marmalade
,,orange,bitter orange peel
,,orange,burnt orange
,,orange,candied orange
,,orange,candied orange peel
,,orange,dried orange
,,orange,dried orange peel
,,orange,fresh orange
primary aroma,citrus,orange,mandarin
primary aroma,citrus,orange,mandarin orange
primary aroma,citrus,orange,orange
primary aroma,citrus,orange,orange juice
primary aroma,citrus,orange,orange marmlade
primary aroma,citrus,orange,orange peel
primary aroma,citrus,orange,orange rind
primary aroma,citrus,orange,orange zest
,,orange,ripe orange
primary aroma,citrus,orange,seville orange
primary aroma,citrus,orange,sour orange
,,orange,spiced orange
,,orange,spicy orange
,,orange,tart orange
,,orange,oranges
,,orange,mandarin orange peel
,,orange,orange rinds
,,orange,orange sorbet
primary aroma,flower,orange flower,orange flower
,,orange flower,orange flowers
,,oregano,dried oregano
primary aroma,herb,oregano,oregano
,,oyster,oyster
,,oyster,oysters
,,oyster shell,crushed oyster shell
unknown,unknown,oyster shell,crushed shell
unknown,unknown,oyster shell,oyster shell
,,oyster shell,oyster shells
,,papaya,dried papaya
unknown,unknown,papaya,green papaya
unknown,unknown,papaya,papaya
,,paprika,paprika
,,paprika,smoked paprika
,,paraffin,paraffin
,,parmesan,parmesan
primary aroma,tropical fruit,passion fruit,passion fruit
primary aroma,tropical fruit,passion fruit,passionfruit
,,pea,pea
,,peach,baked peach
,,peach,baked peaches
,,peach,bitter peach
,,peach,candied peach
,,peach,canned peach
,,peach,canned peaches
primary aroma,tree fruit,peach,caramelize peach
primary aroma,tree fruit,peach,caramelized peaches
,,peach,cooked peach
,,peach,dried peach
,,peach,dried peaches
,,peach,fresh peach
,,peach,fresh peaches
,,peach,glazed peach
,,peach,green peach
,,peach,grilled peach
,,peach,grilled peaches
,,peach,honeyed peach
,,peach,juicy peach
,,peach,overripe peach
primary aroma,tree fruit,peach,peach
primary aroma,tree fruit,peach,peach cobbler
,,peach,peach jam
,,peach,peach juice
,,peach,peach pie
,,peach,peach preserve
primary aroma,tree fruit,peach,peach skin
,,peach,peaches
,,peach,poached peach
,,peach,ripe peach
,,peach,ripe peaches
,,peach,ripe white peach
,,peach,roasted peach
,,peach,sliced peach
,,peach,sliced peaches
,,peach,smoky peach
,,peach,spiced peach
,,peach,spicy peach
,,peach,succulent peach
primary aroma,tree fruit,peach,summer peach
,,peach,tart peach
,,peach,underripe peach
,,peach,unripe peach
primary aroma,tree fruit,peach,white peach
primary aroma,tree fruit,peach,white peaches
,,peanuts,peanut
,,peanuts,peanuts
,,pear,baked pear
,,pear,baked pears
,,pear,bitter pear
,,pear,bitter pear skin
primary aroma,tree fruit,pear,bruised pear
,,pear,candied pear
,,pear,canned pear
,,pear,caramelized pear
primary aroma,tree fruit,pear,cooked pear
primary aroma,tree fruit,pear,cooked pears
,,pear,creamed pear
,,pear,dried pear
,,pear,dried pears
,,pear,fresh pear
,,pear,fresh pears
,,pear,glazed pear
,,pear,green pear
,,pear,green pears
,,pear,honeyed pear
,,pear,juicy pear
primary aroma,tree fruit,pear,mulled pear
,,pear,overripe pear
primary aroma,tree fruit,pear,pear
,,pear,pear juice
,,pear,pear peel
,,pear,pear skin
primary aroma,tree fruit,pear,pear tart
,,pear,pears
primary aroma,tree fruit,pear,poached pear
primary aroma,tree fruit,pear,poached pears
,,pear,ripe green pear
,,pear,ripe pear
,,pear,ripe pears
primary aroma,tree fruit,pear,sliced pear
primary aroma,tree fruit,pear,sliced pears
primary aroma,tree fruit,pear,smoked pear
primary aroma,tree fruit,pear,smoky pear
,,pear,spiced pear
,,pear,spiced pears
,,pear,spicy pear
,,pear,tart pear
,,pear,underripe pear
,,pear,unripe pear
unknown,unknown,peardrop,peardrop
,,peas,peas
,,peat,peat
,,pencil,pencil
,,pencil box,pencil box
unknown,unknown,pencil lead,lead pencil
unknown,unknown,pencil lead,pencil lead
unknown,unknown,pencil shaving,pencil shaving
unknown,unknown,pencil shaving,pencil shavings
,,pencil shaving,lead pencil shavings
primary aroma,flower,peony,peony
,,pepper,cayenne pepper
,,pepper,chili pepper
primary aroma,spice,pepper,cracked pepper
,,pepper,cracked peppercorns
,,pepper,crushed pepper
,,pepper,fresh pepper
,,pepper,green bell pepper
,,pepper,green pepper
,,pepper,ground black pepper
,,pepper,ground pepper
primary aroma,spice,pepper,ground pepperm
,,pepper,ground white pepper
primary aroma,spice,pepper,pepper
primary aroma,spice,pepper,peppery
primary aroma,spice,pepper,pimento
primary aroma,spice,pepper,pimiento
,,pepper,roasted pepper
,,pepper,roasted peppers
,,pepper,smoked pepper
,,pepper,smoky cracked pepper
,,pepper,smoky pepper
,,pepper,smoky peppery
,,pepper,soft pepper
,,pepper,spicy pepper
,,pepper,spicy white pepper
,,pepper,green bell peppers
,,pepper,green peppers
,,pepper,peppers
,,pepper,green peppery
primary aroma,herb,pepper,peppery herb
primary aroma,herb,pepper,peppery herbs
,,peppercorn,green peppercorn
,,peppercorn,peppercorn
,,peppercorns,green peppercorns
,,pepperiness,pepperiness
primary aroma,mint,peppermint,pepper mint
primary aroma,mint,peppermint,peppermint
primary aroma,tree fruit,persimmon,persimmon
primary aroma,earth,petroleum,petrol
primary aroma,earth,petroleum,petroleum
,,pickles,pickles
,,pie,rhubarb pie
unknown,unknown,pie crust,pie crust
unknown,unknown,pine,pine
unknown,unknown,pine,pine needles
unknown,unknown,pine,pine tree
,,pine,toasted pine
,,pineapple,pineaple
,,pineapple,baked pineapple
,,pineapple,candied pineapple
,,pineapple,canned pineapple
,,pineapple,caramelized pineapple
,,pineapple,dried pineapple
,,pineapple,fresh pineapple
,,pineapple,glazed pineapple
,,pineapple,green pineapple
,,pineapple,grilled pineapple
primary aroma,tropical fruit,pineapple,honey pineapple
primary aroma,tropical fruit,pineapple,honeyed pineapple
,,pineapple,juicy pineapple
,,pineapple,overripe pineapple
primary aroma,tropical fruit,pineapple,pine apple
primary aroma,tropical fruit,pineapple,pineapple
,,pineapple,pineapple jam
,,pineapple,pineapple juice
,,pineapple,pineapples
,,pineapple,ripe pineapple
,,pineapple,ripe pineapples
,,pineapple,roasted pineapple
,,pineapple,sliced pineapple
,,pineapple,tropical pineapple
,,pineapple,unripe pineapple
,,pistachio,pistachio
primary aroma,earth,plotting soil,plotting soil
,,plum,baked plum
,,plum,baked plums
,,plum,candied plum
,,plum,cherry plum
,,plum,chocolate plum
primary aroma,black fruit,plum,cooked plum
,,plum,cooked plums
,,plum,crushed plum
,,plum,crushed plums
,,plum,crushed red plum
primary aroma,black fruit,plum,black plum
primary aroma,black fruit,plum,black plums
primary aroma,black fruit,plum,dark plum
primary aroma,black fruit,plum,dark ripe plum
,,plum,dried plum
,,plum,dried plums
,,plum,dried red plums
,,plum,dry plum
,,plum,dry plums
,,plum,fresh plum
,,plum,fresh plums
,,plum,green plum
,,plum,grilled plum
,,plum,jammy plum
,,plum,jammy plums
,,plum,juicy plum
,,plum,juicy plums
,,plum,macerated plum
,,plum,overripe plum
,,plum,overripe plums
primary aroma,black fruit,plum,plum
primary aroma,black fruit,plum,plum cake
,,plum,plum cassis
,,plum,plum jam
,,plum,plum liqueur
primary aroma,black fruit,plum,plum paste
,,plum,plum preserve
,,plum,plum sauce
,,plum,plum skin
,,plum,plum tart
primary aroma,black fruit,plum,plummy
primary aroma,black fruit,plum,plums
,,plum,preserved plum
,,plum,preserved plums
primary aroma,red fruit,plum,red plum
,,plum,ripe dark plum
,,plum,ripe dark plums
primary aroma,black fruit,plum,ripe plum
,,plum,ripe plums
,,plum,ripe red plum
,,plum,ripe red plums
primary aroma,black fruit,plum,roasted plum
,,plum,roasted plums
,,plum,sliced plum
,,plum,sliced plums
,,plum,smoked plum
,,plum,smoked plums
,,plum,smoky plum
,,plum,sour plum
,,plum,spiced plum
,,plum,spiced plums
,,plum,spicy plum
,,plum,spicy plums
,,plum,stewed plum
,,plum,stewed plums
,,plum,tart plum
,,plum,unripe plum
primary aroma,black fruit,plum,warm plum
primary aroma,black fruit,plum,warm plums
primary aroma,black fruit,plum,yellow plum
primary aroma,red fruit,pomegranate,pomegranate
,,pomegranate,tart pomegranate
unknown,unknown,popcorn,buttered popcorn
unknown,unknown,popcorn,pop corn
unknown,unknown,popcorn,popcorn
,,porcini,porcini
,,potatoes,roasted potatoes
,,potatoes,baked potatoes
,,potatoes,mashed potatoes
,,potatoes,potatoes
primary aroma,flower,potpourri,potpourri
,,potpourri,pot pourri
unknown,unknown,praline,praline
,,provence herbs,dried provence herbs
primary aroma,herb,provence herbs,provence herb
primary aroma,herb,provence herbs,provence herbs
primary aroma,herb,provence herbs,roasted provence herb
primary aroma,herb,provence herbs,rosted provencal herbs
,,prunes,dried prune
,,prunes,dried prunes
,,prunes,fresh prune
primary aroma,dried fruit,prunes,prune
,,prunes,ripe prune
,,prunes,stewed prune
,,prunes,stewed prunes
,,prunes,prunes
,,prunes,ripe prunes
,,pyrazine,pyrazine
,,pyrazines,pyrazines
,,quince,baked quince
,,quince,dried quince
,,quince,poached quince
primary aroma,tree fruit,quince,quince
,,quince,ripe quince
,,quince,quinces
,,quinine,quinine
,,radish,radish
,,raisin,dried raisin
,,raisin,dried raisins
primary aroma,dried fruit,raisin,raisin
primary aroma,dried fruit,raisin,raisiny white raisin
,,raisin,raisined
,,raisin,raisins
,,raisin,raisiny
,,raisin,rasins
,,raspberry,raspberries
,,raspberry,ripe raspberries
,,raspberry,baked raspberries
,,raspberry,baked raspberry
primary aroma,black fruit,raspberry,black raspberry
,,raspberry,brambly raspberry
,,raspberry,candied raspberry
,,raspberry,chocolate raspberry
,,raspberry,cooked raspberry
,,raspberry,crushed black raspberry
,,raspberry,crushed raspberries
,,raspberry,crushed raspberry
,,raspberry,crushed raspberry licorice
,,raspberry,dried raspberries
,,raspberry,dried raspberry
primary aroma,red fruit,raspberry,framboise
,,raspberry,fresh raspberries
,,raspberry,fresh raspberry
,,raspberry,jammy raspberry
,,raspberry,juicy raspberry
primary aroma,red fruit,raspberry,purple raspberry
primary aroma,red fruit,raspberry,raspberry
primary aroma,red fruit,raspberry,raspberry jam
,,raspberry,raspberry juice
primary aroma,red fruit,raspberry,raspberry leaf
primary aroma,red fruit,raspberry,raspberry leaves
,,raspberry,raspberry licorice
,,raspberry,raspberry liqueur
primary aroma,red fruit,raspberry,raspberry popsicle
,,raspberry,raspberry preserve
,,raspberry,raspberry puree
primary aroma,red fruit,raspberry,red raspberry
primary aroma,red fruit,raspberry,ripe raspberry
primary aroma,red fruit,raspberry,ripe red raspberry
,,raspberry,roasted raspberry
,,raspberry,smoky raspberry
,,raspberry,sour raspberry
,,raspberry,spiced raspberry
,,raspberry,spicy black raspberry
,,raspberry,spicy raspberry
,,raspberry,tart raspberry
primary aroma,earth,red beet,red beet
,,red berry,crushed red berries
,,red berry,fresh red berries
unknown,unknown,red berry,red berries
,,red berry,spicy red berries
,,red berry,tart red berries
,,red berry,redberries
unknown,unknown,red berry,brambly red berry
,,red berry,dried red berries
,,red berry,dried red berry
unknown,unknown,red berry,red berry
,,red berry,redberry
,,red berry,ripe red berry
,,red berry,spicy red berry
,,red berry,tart red berry
,,red cherry,baked red cherry
,,red cherry,crushed red cherries
,,red cherry,dried red cherries
,,red cherry,dried red cherry
primary aroma,spice,red cherry,red cherry spice
,,red cherry,ripe red cherries
,,red cherry,ripe red cherry
,,red cherry,spicy red cherry
,,red cherry,tart red cherries
,,red cherry,tart red cherry
,,red currant,dried red currant
primary aroma,red fruit,red currant,red currant
primary aroma,red fruit,red currant,red current
primary aroma,red fruit,red currant,redcurrant
,,red currant,redcurrants
primary aroma,red fruit,red currant,redcurrent
,,red currant,ripe red currant
,,red currant,spicy redcurrant
,,red currant,tart red currant
primary aroma,flower,red flower,crushed red flower
,,red flower,dried red flowers
primary aroma,flower,red flower,red flower
primary aroma,spice,red pepper,red pepper
primary aroma,spice,red pepper,redpepper
,,red pepper,roasted red pepper
primary aroma,herb,resemary,resemary
,,resins,pine resin
,,resins,resin
,,resins,resins
,,resins,resiny
,,rhubarb,bitter rhubarb
,,rhubarb,rhubarb
,,rhubarb,stewed rhubarb
,,rhubarb,tart rhubarb
primary aroma,earth,rich soil,rich soil
,,roasted herbs,roasted herb
,,roasted herbs,roasted herbs
primary aroma,mint,rooibos,rooibos
,,rose,candied rose
,,rose,crushed rose petal
,,rose,crushed rose petals
,,rose,crushed roses
primary aroma,flower,rose,dried rose
,,rose,dried rose petal
,,rose,dried rose petals
,,rose,dried roses
primary aroma,flower,rose,dry rose
primary aroma,flower,rose,dry rose petal
,,rose,fresh rose
,,rose,fresh roses
primary aroma,flower,rose,pink rose
,,rose,pressed rose
,,rose,pressed rose petal
primary aroma,flower,rose,red rose
primary aroma,flower,rose,red rose petal
primary aroma,flower,rose,rose
,,rose,rose hip
,,rose,rose hips
,,rose,rose oil
,,rose,rose pastille
primary aroma,flower,rose,rose perfume
primary aroma,flower,rose,rose petal
,,rose,rose petal mint
,,rose,rose petals
,,rose,rose water
,,rose,roses
,,rose,rosewater
,,rose,white rose
,,rose,white roses
primary aroma,flower,rose,wild rose
primary aroma,flower,rose,wilted rose
,,rosemary,dried rosemary
,,rosemary,fresh rosemary
,,rosemary,grilled rosemary
,,rosemary,rosemary
,,rosemary,rosemary oil
,,rosemary,sage rosemary
,,rubber,natural rubber
,,rubber,rubber
,,rubber,rubbery
unknown,unknown,rust,rust
unknown,unknown,rust,rustic
unknown,unknown,rust,rusty nail
,,rust,rusty
,,saddle,saddle
primary aroma,noble rot,saffron,saffron
,,sage,dried sage
,,sage,fresh sage
,,sage,grilled sage
,,sage,mint sage
,,sage,powdered sage
,,sage,roasted sage
,,sage,sage
,,sage,smoky sage
,,sage,toasty sage
,,sagebrush,sagebrush
,,salad,green salad
,,salmon,salmon
primary aroma,earth,salt,brine
primary aroma,earth,salt,rock salt
primary aroma,earth,salt,salt
primary aroma,earth,salt,sea salt
,,salt,salted
tertiary,oak aging,sandalwood,sandalwood
,,sandalwood,smoky sandalwood
,,sanguine,sanguine
unknown,unknown,sassafras,sassafras
,,sawdust,sawdust
,,scallops,scallops
,,sesame,sesame
,,sesame,toasted sesame
,,shell,shell
,,sherbet,sherbet
,,sherry,sherry
,,shoe polish,shoe polish
,,nutty,nut skin
,,slate,black slate
,,slate,crushed slate
primary aroma,earth,slate,slate
primary aroma,earth,slate,slatey
,,slate,wet slate
unknown,unknown,sloe,blackthorn
unknown,unknown,sloe,sloe
,,smoke,game smoke
,,smoke,gun smoke
,,smoke,pipe smoke
tertiary,oak aging,smoke,smoke
tertiary,oak aging,smoke,smokey
tertiary,oak aging,smoke,smoky
tertiary,oak aging,smoke,woodsmoke
unknown,unknown,smoked duck,smoked duck
,,smoked herbs,smoked herbs
primary aroma,herb,smoked herbs,smoky herb
,,smoked spice,smoked spice
,,smoky spice,smoky spice
,,smoky spice,smoky spices
,,smoky spice,smoky spicy
secondary,microbial,sourdough,sourdough
unknown,unknown,soy,soy
,,soy,soy sauce
primary aroma,mint,spearmint,spear mint
primary aroma,mint,spearmint,spearmint
primary aroma,spice,spice box,spice box
primary aroma,spice,spicecake,spice cake
,,spicecake,spicecake
,,spices,dry spice
,,spices,ginger spice
,,spices,gingery spice
,,spices,green spice
,,spices,ground spice
,,spices,indian spice
,,spices,mint spice
,,spices,old spice
,,spices,oriental spice
,,spices,pepper spice
,,spices,dry spices
,,spices,green spices
,,spices,ground spices
,,spices,mediterranean spices
,,spices,mint spices
,,spices,oriental spices
,,spices,pepper spices
,,spicy herbs,spicy herb
,,spicy herbs,spicy herbal
,,spicy herbs,spicy herbs
,,spinach,spinach
primary aroma,flower,spring flower,spring flower
primary aroma,tropical fruit,star fruit,carambola
primary aroma,tropical fruit,star fruit,star fruit
primary aroma,tropical fruit,star fruit,starfruit
,,stem,green stem
faults,cooked,stewed fruit,stewed fruit
,,stone,crushed gravel
,,stone,crushed rocks
primary aroma,earth,stone,crushed stone
,,stone,crushed stones
,,stone,dried stone
,,stone,powdered stone
primary aroma,earth,stone,stone
,,stone,stones
,,stone,stoney
primary aroma,earth,stone,stony
,,stone,wet pebbles
,,stone,wet rock
,,stone,wet rocks
primary aroma,earth,stone,wet stone
primary aroma,earth,stone,wet stones
,,strawberry,ripe strawberries
,,strawberry,baked strawberry
,,strawberry,candied strawberry
,,strawberry,cooked strawberries
,,strawberry,cooked strawberry
primary aroma,red fruit,strawberry,crushed strawberries
,,strawberry,crushed strawberry
,,strawberry,dried strawberries
,,strawberry,dried strawberry
,,strawberry,fresh strawberries
,,strawberry,fresh strawberry
primary aroma,red fruit,strawberry,green strawberries
primary aroma,red fruit,strawberry,green strawberry
,,strawberry,jammy strawberry
,,strawberry,macerated strawberry
,,strawberry,overripe strawberry
,,strawberry,ripe strawberry
,,strawberry,roasted strawberry
,,strawberry,sliced strawberries
,,strawberry,sliced strawberry
,,strawberry,spicy strawberry
,,strawberry,stewed strawberries
,,strawberry,stewed strawberry
primary aroma,red fruit,strawberry,strawberries
primary aroma,red fruit,strawberry,strawberry
primary aroma,red fruit,strawberry,strawberry jam
,,strawberry,strawberry juice
,,strawberry,strawberry licorice
,,strawberry,strawberry liqueur
,,strawberry,strawberry pie
,,strawberry,strawberry preserve
,,strawberry,tart strawberries
,,strawberry,tart strawberry
,,strawberry,underripe strawberry
,,strawberry,unripe strawberry
primary aroma,red fruit,strawberry,wild strawberry
,,struck match,struck match
,,succulent herbs,succulent herb
,,succulent herbs,succulent herbs
,,sulphur,sulfur
,,sulphur,sulphur
primary aroma,herb,sweet herbs,sweet herb
primary aroma,spice,sweet spice,sweet spice
,,talcum powder,talc
,,talcum powder,talcum
,,talcum powder,talcum powder
,,tangerine,ripe tangerine
unknown,unknown,tangerine,tangerine
,,tangerine,tangerine oil
,,tangerine,tangerine peel
,,tangerine,tangerine rind
unknown,unknown,tangerine,tangerine skin
,,tangerine,tart tangerine
unknown,unknown,tapenade,tapenade
,,tar,melted tar
,,tar,tar
primary aroma,herb,tarragon,tarragon
,,tea,chai
,,tea,green tea
,,tea,smoky black tea
,,tea,stewed tea
,,tea,tea
,,tea,tea leaf
,,tea,tea spice
unknown,unknown,tea,tea leaves
primary aroma,earth,terracotta,baked earth
primary aroma,earth,terracotta,terra cotta
primary aroma,earth,terracotta,terracotta
primary aroma,earth,terracotta,wet terra cotta
primary aroma,earth,terracotta,wet terracotta
,,thyme,dried thyme
primary aroma,herb,thyme,thyme
primary aroma,earth,tilled earth,tilled soil
,,toast,burnt toast
,,toast,buttered toast
,,toast,buttery toast
,,toast,honeyed toast
,,toast,marmite toast
tertiary,oak aging,toast,toast
tertiary,oak aging,toast,toasty
,,toasted herbs,toasted herb
,,toasted spices,toasted spice
,,toasted spices,toasted spices
,,toasty,ripe toasty
,,tobacco,aged tobacco
,,tobacco,cigar ash
,,tobacco,cigar smoke
,,tobacco,cigar tobacco
,,tobacco,cigarbox
,,tobacco,cigars
,,tobacco,cured tobacco
,,tobacco,dried tobacco
tertiary,general aging,tobacco,dried tobacco leaf
,,tobacco,dried tobacco leaves
tertiary,general aging,tobacco,fresh tobacco
,,tobacco,fresh tobacco leaf
,,tobacco,green tobacco
,,tobacco,leafy tobacco
,,tobacco,pepper tobacco
tertiary,general aging,tobacco,pipe tobacco
,,tobacco,sage tobacco
,,tobacco,smoky tobacco
,,tobacco,spicy tobacco
tertiary,general aging,tobacco,sweet tobacco
tertiary,general aging,tobacco,tobacco
,,tobacco,tobacco box
tertiary,general aging,tobacco,tobacco leaf
,,tobacco,tobacco leaves
,,tobacco,tobacco licorice
tertiary,general aging,tobacco,tobacco nuts
,,tobacco,tobacco smoke
,,tobacco,tobbaco
,,tobacco,unsmoked cigars
,,tobacco,wet tobacco
,,toffee,burnt toffee
faults,cooked,toffee,toffee
,,tomato,crushed tomato
,,tomato,crushed tomatoes
,,tomato,dried tomatoes
,,tomato,green tomato
,,tomato,ripe tomato
,,tomato,ripe tomatoes
,,tomato,roasted tomato
,,tomato,roasted tomatoes
,,tomato,stewed tomato
,,tomato,stewed tomatoes
,,tomato,sundried tomato
,,tomato,sundried tomatoes
primary aroma,vegetable,tomato,tomato
,,tomato,tomato juice
,,tomato,tomatoes
primary aroma,vegetable,tomato leaf,tomato leaf
primary aroma,vegetable,tomato leaf,tomato leaves
unknown,unknown,treacle,treacle
primary aroma,tree fruit,tree fruit,tree fruit
secondary,microbial,truffle,chocolate truffle
secondary,microbial,truffle,truffle
secondary,microbial,truffle,truffle oil
secondary,microbial,truffle,truffles
secondary,microbial,truffle,white truffle
secondary,microbial,truffle,white truffles
,,turmeric,turmeric
unknown,unknown,turnip greens,creamy turnip greens
unknown,unknown,turnip greens,turnip greens
primary aroma,earth,underbrush,forest underbrush
primary aroma,earth,underbrush,underbrush
tertiary,oak aging,vanilla,buttery vanilla
tertiary,oak aging,vanilla,caramel vanilla
tertiary,oak aging,vanilla,roasted vanilla
tertiary,oak aging,vanilla,roasted vanilla bean
tertiary,oak aging,vanilla,smoky vanilla
tertiary,oak aging,vanilla,soft vanilla
tertiary,oak aging,vanilla,spicy vanilla
tertiary,oak aging,vanilla,toasted vanilla
tertiary,oak aging,vanilla,vanila
tertiary,oak aging,vanilla,vanilla
tertiary,oak aging,vanilla,vanilla bean
tertiary,oak aging,vanilla,vanilla beans
tertiary,oak aging,vanilla,vanilla cake
tertiary,oak aging,vanilla,vanilla licorice
tertiary,oak aging,vanilla,vanilla pod
tertiary,oak aging,vanilla,vanilla seed
tertiary,oak aging,vanilla,vanilla spice
tertiary,oak aging,vanilla,vanilla toast
tertiary,oak aging,vanilla,vanille
tertiary,oak aging,vanilla,vanillin
tertiary,oak aging,vanilla,vanillin oak
tertiary,oak aging,vanilla,vanillin oak spice
,,verbena,lemon beebrush
,,verbena,lemon verbena
primary aroma,flower,verbena,verbena
faults,volatile acidity,vinegar,vinegar
primary aroma,flower,violet,blue violet
primary aroma,flower,violet,blue violets
primary aroma,flower,violet,candied violet
primary aroma,flower,violet,candied violets
primary aroma,flower,violet,crushed violet
primary aroma,flower,violet,crushed violets
primary aroma,flower,violet,dried violet
primary aroma,flower,violet,dried violets
primary aroma,flower,violet,fresh violet
primary aroma,flower,violet,fresh violets
primary aroma,flower,violet,pressed violet
primary aroma,flower,violet,pressed violets
primary aroma,flower,violet,violet
primary aroma,flower,violet,violets
primary aroma,flower,violet,violetty
primary aroma,flower,violet,violety
primary aroma,earth,volcanic rocks,volcanic rocks
,,walnut,bitter walnut
,,walnut,bitter walnuts
,,walnut,green walnut
,,walnut,green walnuts
,,walnut,grilled walnut
,,walnut,grilled walnuts
,,walnut,roasted walnut
,,walnut,roasted walnuts
,,walnut,smoked walnut
,,walnut,smoked walnuts
,,walnut,toasted walnut
,,walnut,toasted walnuts
unknown,unknown,walnut,walnut
,,walnut,walnut oil
,,walnut,walnut shell
,,walnut,walnuts
,,watermelon,watermelon
primary aroma,noble rot,wax,wax
primary aroma,earth,wet clay pot,wet clay pot
faults,tca,wet dog,wet dog
primary aroma,flower,white blossom,white blossom
primary aroma,flower,white blossom,whiteblossom
primary aroma,flower,white flower,dried white flower
primary aroma,flower,white flower,dried white flowers
primary aroma,flower,white flower,white flower
primary aroma,flower,white flower,white flowers
primary aroma,spice,white pepper,crushed white pepper
primary aroma,spice,white pepper,white pepper
primary aroma,spice,white pepper,whitepepper
primary aroma,flower,wilted petals,wilted petal
primary aroma,flower,wilted petals,wilted petals
unknown,unknown,wood,bark
unknown,unknown,wood,burnt wood
unknown,unknown,wood,damp wood
unknown,unknown,wood,dried wood
unknown,unknown,wood,dry wood
unknown,unknown,wood,dry woody
unknown,unknown,wood,forest wood
unknown,unknown,wood,fresh wood
unknown,unknown,wood,grilled wood
unknown,unknown,wood,mossy bark
unknown,unknown,wood,new wood
unknown,unknown,wood,old wood
unknown,unknown,wood,pine wood
unknown,unknown,wood,polished wood
unknown,unknown,wood,roasted wood
unknown,unknown,wood,sandal wood
unknown,unknown,wood,smoked wood
unknown,unknown,wood,smoky wood
unknown,unknown,wood,toasted wood
unknown,unknown,wood,toasty barrel
unknown,unknown,wood,toasty wood
unknown,unknown,wood,tree bark
unknown,unknown,wood,wet wood
unknown,unknown,wood,wood
unknown,unknown,wood,wood shaving
unknown,unknown,wood,wood shavings
unknown,unknown,wool,wet wool
unknown,unknown,wool,wool
unknown,unknown,yeast,toasty yeast
unknown,unknown,yeast,yeast
unknown,unknown,yeast,yeasts
unknown,unknown,yeast,yeasty
primary aroma,tree fruit,yellow apple,baked yellow apple
primary aroma,tree fruit,yellow apple,baked yellow apples
primary aroma,tree fruit,yellow apple,creamed yellow apple
primary aroma,tree fruit,yellow apple,creamed yellow apples
primary aroma,tree fruit,yellow apple,ripe yellow apple
primary aroma,tree fruit,yellow apple,ripe yellow apples
primary aroma,tree fruit,yellow apple,yellow apple
primary aroma,tree fruit,yellow apple,yellow apples
primary aroma,flower,yellow flower,yellow flower
primary aroma,flower,yellow flower,yellow flowers
primary aroma,citrus,yuzu,yuzu
primary aroma,citrus,yuzu,yuzu fruit
primary aroma,citrus,yuzu,yuzu fruits
primary aroma,citrus,yuzu,yuzu zest
